Business Name,Health Score,Health Index
Table 17,0.21017999999999998,2.5
Pei Wei,0.17228888888888882,2.5
Don Tequila,0.3183659793814433,2.5
Motel One,0.28808292682926834,2.5
